year,local_authority,agriculture_forestry_fishing,mining_quarrying_utilities,manufacturing,construction,motor_trades,wholesale,retail,transport_storage_postal,accomodation_food,information_communication,finance_insurance,property,professional_scientific_technical,business_admin_support_services,public_admin_defence,education,health,arts_entertainment_recreation_other,sfbb_availability_pct,unable_to_recieve_10mbits_pct,level_2_attainment_pct,level_3_attainment_pct,births,deaths,total_emp,emp_growth_pct,growth_group,hhi,accomodation_food_share,agriculture_forestry_fishing_share,arts_entertainment_recreation_other_share,business_admin_support_services_share,construction_share,education_share,finance_insurance_share,health_share,information_communication_share,manufacturing_share,mining_quarrying_utilities_share,motor_trades_share,professional_scientific_technical_share,property_share,public_admin_defence_share,retail_share,transport_storage_postal_share,wholesale_share,net_business
2015,barnsley,225,600,12000,5000,1500,2500,7000,4500,5000,1000,1500,1250,3000,5000,2250,8000,14000,2500,78,10,50.65757476635514,14.64215873015873,870,640,76825,NA,High Growth,0.0986576873473327,0.06508298080052066,0.00292873413602343,0.03254149040026033,0.06508298080052066,0.06508298080052066,0.10413276928083307,0.019524894240156198,0.18223234624145787,0.013016596160104133,0.15619915392124958,0.0078099576960624795,0.019524894240156198,0.039049788480312396,0.016270745200130166,0.0292873413602343,0.09111617312072894,0.0585746827204686,0.03254149040026033,230
2015,bradford,225,3000,25000,7000,3500,9000,19000,8000,10000,5000,9000,3000,11000,13000,9000,24000,31000,7000,91,2,51.37078037383178,17.658825396825396,2345,1730,196725,NA,Low Growth,0.08716375650643889,0.050832380226204094,0.001143728555089592,0.035582666158342866,0.06608209429406532,0.035582666158342866,0.12199771254288982,0.045749142203583684,0.15758037870123268,0.025416190113102047,0.12708095056551022,0.015249714067861228,0.017791333079171433,0.0559156182488245,0.015249714067861228,0.045749142203583684,0.09658152242978778,0.040665904180963275,0.045749142203583684,615
2015,calderdale,150,500,14000,4000,1500,4000,7000,3000,6000,1500,8000,1250,4500,18000,3000,8000,10000,3500,80,6,58.58365887850467,23.446809523809524,1070,825,97900,NA,Low Growth,0.0961806725713946,0.06128702757916241,0.0015321756894790602,0.03575076608784474,0.18386108273748722,0.04085801838610827,0.08171603677221655,0.08171603677221655,0.10214504596527069,0.015321756894790603,0.14300306435137897,0.005107252298263534,0.015321756894790603,0.045965270684371805,0.012768130745658836,0.030643513789581207,0.07150153217568948,0.030643513789581207,0.04085801838610827,245
2015,doncaster,300,1500,10000,7000,3000,4500,12000,9000,7000,1250,2250,900,5000,11000,9000,11000,21000,4500,77,8,53.472532710280376,17.009984126984126,2135,1000,120200,NA,Medium Growth,0.08798944355082074,0.05823627287853577,0.0024958402662229617,0.03743760399334443,0.09151414309484193,0.05823627287853577,0.09151414309484193,0.018718801996672214,0.17470881863560733,0.010399334442595673,0.08319467554076539,0.012479201331114808,0.024958402662229616,0.04159733777038269,0.0074875207986688855,0.07487520798668885,0.09983361064891846,0.07487520798668885,0.03743760399334443,1135
2015,east riding of yorkshire,3000,1250,17000,6000,2500,4500,11000,6000,9000,2250,1250,1500,7000,7000,10000,12000,17000,4500,36,7,56.602556074766355,21.03853968253968,1405,1180,122750,NA,Medium Growth,0.08363579046046765,0.07331975560081466,0.024439918533604887,0.03665987780040733,0.05702647657841141,0.048879837067209775,0.09775967413441955,0.010183299389002037,0.1384928716904277,0.018329938900203666,0.1384928716904277,0.010183299389002037,0.020366598778004074,0.05702647657841141,0.012219959266802444,0.0814663951120163,0.08961303462321792,0.048879837067209775,0.03665987780040733,225
2015,"kingston upon hull, city of",5,1250,20000,6000,2000,5000,12000,5000,6000,2000,1250,1000,5000,14000,5000,12000,18000,4500,2,37,52.43264485981308,14.41495238095238,870,720,120005,NA,Medium Growth,0.09807342600256676,0.0499979167534686,4.1664930627890504e-5,0.037498437565101454,0.11666180575809341,0.0499979167534686,0.0999958335069372,0.010416232656972627,0.14999375026040582,0.0166659722511562,0.16665972251156203,0.010416232656972627,0.0166659722511562,0.041664930627890506,0.0083329861255781,0.041664930627890506,0.0999958335069372,0.041664930627890506,0.041664930627890506,150
2015,kirklees,300,1000,25000,8000,3500,11000,17000,7000,9000,2250,2500,1750,8000,9000,6000,18000,21000,6000,82,7,58.24482710280374,23.13953968253968,2065,1670,156300,NA,Low Growth,0.09163910798704364,0.05758157389635317,0.0019193857965451055,0.03838771593090211,0.05758157389635317,0.05118362124120281,0.11516314779270634,0.01599488163787588,0.1343570057581574,0.014395393474088292,0.1599488163787588,0.006397952655150352,0.022392834293026232,0.05118362124120281,0.011196417146513116,0.03838771593090211,0.10876519513755598,0.044785668586052464,0.07037747920665387,395
2015,leeds,500,7000,29000,18000,6000,17000,32000,18000,25000,16000,26000,7000,47000,59000,16000,39000,51000,19000,89,3,53.491294392523365,19.07420634920635,4315,3085,432500,NA,High Growth,0.07977413211266664,0.057803468208092484,0.0011560693641618498,0.04393063583815029,0.13641618497109825,0.04161849710982659,0.09017341040462427,0.06011560693641618,0.11791907514450867,0.03699421965317919,0.06705202312138728,0.016184971098265895,0.013872832369942197,0.10867052023121387,0.016184971098265895,0.03699421965317919,0.07398843930635839,0.04161849710982659,0.03930635838150289,1230
2015,north east lincolnshire,125,600,10000,2500,1500,2500,7000,6000,4000,500,1250,800,3000,4500,2250,7000,11000,2250,95,2,57.875219626168224,17.155238095238094,665,700,66775,NA,Low Growth,0.09597727354598758,0.05990265818045676,0.0018719580681392737,0.03369524522650692,0.06739049045301385,0.037439161362785474,0.10482965181579933,0.018719580681392737,0.16473230999625607,0.007487832272557095,0.1497566454511419,0.008985398727068513,0.022463496817671284,0.04492699363534257,0.011980531636091352,0.03369524522650692,0.10482965181579933,0.08985398727068514,0.037439161362785474,-35
2015,north lincolnshire,700,1750,15000,5000,1750,2500,6000,6000,4000,400,700,700,2500,5000,2500,6000,8000,2000,85,6,56.04338317757009,18.563809523809525,685,515,70500,NA,Medium Growth,0.09929178612745837,0.05673758865248227,0.009929078014184398,0.028368794326241134,0.07092198581560284,0.07092198581560284,0.0851063829787234,0.009929078014184398,0.11347517730496454,0.005673758865248227,0.2127659574468085,0.024822695035460994,0.024822695035460994,0.03546099290780142,0.009929078014184398,0.03546099290780142,0.0851063829787234,0.0851063829787234,0.03546099290780142,170
2015,rotherham,150,1500,14000,7000,1750,4000,9000,5000,5000,1250,2000,700,3500,13000,7000,10000,13000,4000,77,10,55.15538785046729,18.195888888888888,1110,750,101850,NA,Low Growth,0.08855683840121234,0.049091801669121256,0.0014727540500736377,0.039273441335297005,0.12763868433971526,0.06872852233676977,0.09818360333824251,0.019636720667648502,0.12763868433971526,0.012272950417280314,0.13745704467353953,0.014727540500736377,0.01718213058419244,0.03436426116838488,0.006872852233676976,0.06872852233676977,0.08836524300441827,0.049091801669121256,0.039273441335297005,360
2015,sheffield,150,1500,23000,9000,4000,11000,25000,9000,15000,8000,10000,3000,18000,19000,12000,33000,41000,10000,77,9,55.29402336448598,19.619920634920636,2285,1940,251650,NA,Medium Growth,0.08767522785933128,0.059606596463341946,5.960659646334195e-4,0.0397377309755613,0.07550168885356646,0.03576395787800517,0.13113451221935227,0.0397377309755613,0.1629246969998013,0.03179018478044904,0.09139678124379098,0.005960659646334195,0.01589509239022452,0.07152791575601034,0.01192131929266839,0.04768527717067356,0.09934432743890324,0.03576395787800517,0.04371150407311743,345
2015,wakefield,150,2000,18000,6000,3000,9000,13000,14000,9000,2000,2250,2500,7000,13000,8000,12000,20000,6000,88,2,57.18956074766355,17.33415873015873,1465,1040,146900,NA,High Growth,0.08236177576888554,0.06126616746085772,0.0010211027910142954,0.04084411164057182,0.08849557522123894,0.04084411164057182,0.08168822328114364,0.01531654186521443,0.13614703880190607,0.013614703880190605,0.12253233492171545,0.013614703880190605,0.02042205582028591,0.047651463580667124,0.01701837985023826,0.05445881552076242,0.08849557522123894,0.09530292716133425,0.06126616746085772,425
2015,york,175,400,4500,4000,1500,2500,13000,4500,11000,2500,4500,1750,8000,8000,5000,12000,16000,5000,49,2,57.1801214953271,24.136888888888887,830,720,104325,NA,High Growth,0.08845821066572628,0.1054397316079559,0.0016774502755811168,0.047927150730889045,0.07668344116942248,0.03834172058471124,0.11502516175413371,0.043134435657800146,0.15336688233884496,0.023963575365444523,0.043134435657800146,0.003834172058471124,0.014378145219266714,0.07668344116942248,0.016774502755811167,0.047927150730889045,0.12461059190031153,0.043134435657800146,0.023963575365444523,110
2016,barnsley,350,500,11000,5000,2000,3000,8000,5000,4500,1250,1000,1250,3000,5000,2000,8000,15000,2500,82,8,52.30719626168224,14.38973015873016,1000,650,78350,1.9850309144158802,High Growth,0.0987172005250278,0.0574345883854499,0.004467134652201659,0.03190810465858328,0.06381620931716656,0.06381620931716656,0.1021059349074665,0.012763241863433313,0.1914486279514997,0.01595405232929164,0.14039566049776644,0.006381620931716656,0.025526483726866625,0.03828972559029994,0.01595405232929164,0.025526483726866625,0.1021059349074665,0.06381620931716656,0.03828972559029994,350
2016,bradford,450,3000,22000,7000,4500,11000,19000,8000,9000,6000,7000,3000,11000,12000,8000,23000,31000,7000,93,2,51.06653738317757,18.030841269841268,2515,1750,191950,-2.4272461558012455,Low Growth,0.08553316305603756,0.046887210210992444,0.0023443605105496223,0.036467830164105236,0.06251628028132326,0.036467830164105236,0.11982287053920292,0.036467830164105236,0.16150039072675176,0.03125814014066163,0.11461318051575932,0.015629070070330816,0.023443605105496222,0.05730659025787966,0.015629070070330816,0.04167752018754884,0.0989841104454285,0.04167752018754884,0.05730659025787966,765
2016,calderdale,300,500,12000,4000,1750,5000,7000,3000,5000,2000,7000,1250,5000,17000,3000,8000,10000,4000,85,5,59.941228971962616,23.12868253968254,1030,775,95800,-2.1450459652706844,Low Growth,0.090324418913794835,0.05219206680584551,0.003131524008350731,0.04175365344467641,0.17745302713987474,0.04175365344467641,0.08350730688935282,0.07306889352818371,0.10438413361169102,0.020876826722338204,0.12526096033402923,0.005219206680584551,0.01826722338204593,0.05219206680584551,0.013048016701461378,0.031315240083507306,0.07306889352818371,0.031315240083507306,0.05219206680584551,255
2016,doncaster,600,1000,9000,7000,3500,5000,12000,11000,6000,1750,2000,900,5000,11000,7000,11000,20000,4500,81,6,51.222808411214956,15.89625396825397,1955,1490,118250,-1.622296173044925,Medium Growth,0.08680019130287088,0.0507399577167019,0.00507399577167019,0.03805496828752643,0.09302325581395349,0.05919661733615222,0.09302325581395349,0.016913319238900635,0.16913319238900634,0.014799154334038054,0.07610993657505286,0.008456659619450317,0.02959830866807611,0.042283298097251586,0.007610993657505285,0.05919661733615222,0.1014799154334038,0.09302325581395349,0.042283298097251586,465
2016,east riding of yorkshire,4500,1750,16000,6000,3500,5000,11000,8000,9000,3000,1000,1500,7000,7000,9000,10000,17000,5000,50,10,56.58117757009346,21.18136507936508,1845,1190,125250,2.0366598778004072,Medium Growth,0.07801164138788291,0.0718562874251497,0.03592814371257485,0.03992015968063872,0.05588822355289421,0.04790419161676647,0.07984031936127745,0.007984031936127744,0.13572854291417166,0.023952095808383235,0.1277445109780439,0.013972055888223553,0.027944111776447105,0.05588822355289421,0.011976047904191617,0.0718562874251497,0.08782435129740519,0.06387225548902195,0.03992015968063872,655
2016,"kingston upon hull, city of",75,1250,18000,6000,2500,6000,12000,6000,5000,2500,1000,1250,5000,15000,5000,12000,18000,4500,1,30,51.76748598130841,13.51184126984127,965,630,121075,0.8916295154368568,Medium Growth,0.0941991926632541,0.041296716911005574,6.194507536650836e-4,0.03716704521990502,0.12389015073301672,0.04955606029320669,0.09911212058641337,0.008259343382201115,0.14866818087962008,0.020648358455502787,0.14866818087962008,0.010324179227751393,0.020648358455502787,0.041296716911005574,0.010324179227751393,0.041296716911005574,0.09911212058641337,0.04955606029320669,0.04955606029320669,335
2016,kirklees,400,1750,21000,9000,5000,11000,16000,7000,8000,3000,2250,2000,8000,9000,5000,18000,21000,6000,85,5,59.15270560747663,22.80031746031746,2145,1690,153400,-1.8554062699936023,Low Growth,0.08623673908572148,0.05215123859191656,0.002607561929595828,0.03911342894393742,0.05867014341590613,0.05867014341590613,0.11734028683181226,0.014667535853976532,0.13689700130378096,0.01955671447196871,0.13689700130378096,0.011408083441981747,0.03259452411994785,0.05215123859191656,0.01303780964797914,0.03259452411994785,0.10430247718383312,0.04563233376792699,0.07170795306388526,455
2016,leeds,1000,8000,25000,20000,7000,18000,31000,20000,23000,20000,23000,6000,46000,52000,14000,40000,56000,21000,92,2,54.02314018691589,19.399555555555555,4820,3110,431000,-0.3468208092485549,High Growth,0.0781165045407809,0.05336426914153132,0.002320185614849188,0.048723897911832945,0.12064965197215777,0.04640371229698376,0.09280742459396751,0.05336426914153132,0.12993039443155452,0.04640371229698376,0.058004640371229696,0.018561484918793503,0.016241299303944315,0.10672853828306264,0.013921113689095127,0.03248259860788863,0.07192575406032482,0.04640371229698376,0.04176334106728538,1710
2016,north east lincolnshire,300,700,10000,2500,2000,3000,7000,6000,4000,600,900,800,3000,4500,2250,7000,11000,2500,97,2,54.88585046728972,15.899920634920635,660,630,68050,1.9093972295020591,Low Growth,0.09354804053940975,0.05878030859662013,0.00440852314474651,0.036737692872887584,0.06612784717119764,0.036737692872887584,0.10286554004408523,0.01322556943423953,0.16164584864070536,0.00881704628949302,0.14695077149155034,0.010286554004408524,0.029390154298310066,0.0440852314474651,0.011756061719324026,0.03306392358559882,0.10286554004408523,0.0881704628949302,0.0440852314474651,30
2016,north lincolnshire,1250,1500,14000,5000,2500,3000,6000,6000,4000,500,450,600,2250,4500,2500,6000,9000,2000,86,5,55.494728971962616,18.03773015873016,710,575,71050,0.7801418439716312,Medium Growth,0.09536999298251174,0.05629838142153413,0.017593244194229415,0.028149190710767064,0.0633356790992259,0.07037297677691766,0.0844475721323012,0.0063335679099225895,0.1266713581984518,0.007037297677691766,0.19704433497536947,0.0211118930330753,0.03518648838845883,0.03166783954961295,0.00844475721323012,0.03518648838845883,0.0844475721323012,0.0844475721323012,0.0422237860661506,135
2016,rotherham,225,1500,12000,7000,2000,4000,9000,5000,5000,1750,1500,600,5000,11000,7000,9000,17000,4000,81,8,57.203864485981306,18.240920634920634,1220,725,102575,0.7118311242022582,Low Growth,0.08867191391258329,0.04874482086278333,0.0021935169388252497,0.03899585669022666,0.10723860589812333,0.06824274920789666,0.08774067755300999,0.014623446258834999,0.16573239093346331,0.017060687301974166,0.11698757007067999,0.014623446258834999,0.01949792834511333,0.04874482086278333,0.005849378503534,0.06824274920789666,0.08774067755300999,0.04874482086278333,0.03899585669022666,495
2016,sheffield,350,1750,20000,9000,4500,12000,25000,9000,15000,9000,9000,3000,19000,20000,13000,33000,41000,10000,86,3,54.3811261682243,19.568460317460318,2525,1855,253600,0.7748857540234453,Medium Growth,0.08630352264924519,0.05914826498422713,0.0013801261829652998,0.03943217665615142,0.07886435331230283,0.03548895899053628,0.13012618296529968,0.03548895899053628,0.16167192429022081,0.03548895899053628,0.07886435331230283,0.006900630914826498,0.01774447949526814,0.0749211356466877,0.011829652996845425,0.051261829652996846,0.09858044164037855,0.03548895899053628,0.0473186119873817,670
2016,wakefield,350,2250,16000,7000,4000,9000,13000,16000,8000,2250,1500,2500,7000,14000,9000,12000,20000,5000,93,2,60.596200934579436,19.160079365079365,1420,985,148850,1.3274336283185841,High Growth,0.08145519185325091,0.05374538125629829,0.0023513604299630502,0.03359086328518643,0.094054417198522,0.047027208599261,0.08061807188444743,0.010077258985555929,0.13436345314074571,0.015115888478333893,0.10749076251259658,0.015115888478333893,0.026872690628149145,0.047027208599261,0.016795431642593214,0.06046355391333557,0.08733624454148471,0.10749076251259658,0.06046355391333557,435
2016,york,250,350,4000,4500,1500,3000,13000,4500,10000,3000,4000,1750,8000,7000,5000,11000,16000,5000,81,3,60.21368224299066,23.306761904761906,870,685,101850,-2.372393961179008,High Growth,0.08724193967805707,0.09818360333824251,0.002454590083456063,0.049091801669121256,0.06872852233676977,0.044182621502209134,0.10800196367206677,0.039273441335297005,0.15709376534118802,0.029455081001472753,0.039273441335297005,0.003436426116838488,0.014727540500736377,0.07854688267059401,0.01718213058419244,0.049091801669121256,0.12763868433971526,0.044182621502209134,0.029455081001472753,185
2017,barnsley,300,600,12000,4500,1750,2500,8000,5000,5000,1000,1250,1250,3500,7000,2000,7000,14000,2500,56,5,50.72023828125,15.41008,840,810,79150,1.0210593490746651,High Growth,0.0971531460491666,0.06317119393556538,0.003790271636133923,0.03158559696778269,0.08843967150979154,0.056854074542008845,0.08843967150979154,0.015792798483891344,0.17687934301958308,0.012634238787113077,0.15161086544535693,0.007580543272267846,0.022109917877447885,0.04421983575489577,0.015792798483891344,0.025268477574226154,0.10107391029690461,0.06317119393556538,0.03158559696778269,30
2017,bradford,250,2500,26000,7000,4000,9000,21000,8000,11000,7000,8000,3000,13000,15000,9000,22000,31000,6000,23,1,50.0509765625,17.472973333333332,2150,2115,202750,5.626465225319093,Low Growth,0.08592853200673234,0.05425400739827373,0.0012330456226880395,0.029593094944512947,0.07398273736128237,0.0345252774352651,0.10850801479654747,0.03945745992601726,0.15289765721331688,0.0345252774352651,0.1282367447595561,0.012330456226880395,0.01972872996300863,0.06411837237977805,0.014796547472256474,0.04438964241676942,0.10357583230579531,0.03945745992601726,0.04438964241676942,35
2017,calderdale,175,450,14000,4500,1500,4500,7000,3000,7000,2000,7000,1250,5000,9000,3000,8000,9000,3500,70,3,59.61485546875,23.50222666666667,935,920,89875,-6.184759916492693,Low Growth,0.08329239536444721,0.07788595271210014,0.0019471488178025036,0.03894297635605007,0.10013908205841446,0.05006954102920723,0.0890125173852573,0.07788595271210014,0.10013908205841446,0.022253129346314324,0.15577190542420027,0.005006954102920723,0.016689847009735744,0.055632823365785816,0.013908205841446454,0.03337969401947149,0.07788595271210014,0.03337969401947149,0.05006954102920723,15
2017,doncaster,350,900,10000,8000,3500,4500,13000,11000,8000,1750,2500,900,6000,11000,7000,11000,21000,4000,52,3,52.7397265625,16.072746666666667,1480,2185,124400,5.200845665961945,Medium Growth,0.08694821962138523,0.06430868167202572,0.0028135048231511255,0.03215434083601286,0.08842443729903537,0.06430868167202572,0.08842443729903537,0.02009646302250804,0.16881028938906753,0.014067524115755627,0.08038585209003216,0.007234726688102894,0.028135048231511254,0.04823151125401929,0.007234726688102894,0.05627009646302251,0.1045016077170418,0.08842443729903537,0.03617363344051447,-705
2017,east riding of yorkshire,3000,2000,18000,6000,3000,4000,12000,7000,11000,2500,1250,1500,8000,8000,8000,11000,16000,4000,51,5,57.68945703125,21.873,1360,1335,126250,0.7984031936127743,Medium Growth,0.08200372512498774,0.08712871287128712,0.023762376237623763,0.031683168316831684,0.06336633663366337,0.047524752475247525,0.08712871287128712,0.009900990099009901,0.12673267326732673,0.019801980198019802,0.14257425742574256,0.015841584158415842,0.023762376237623763,0.06336633663366337,0.011881188118811881,0.06336633663366337,0.09504950495049505,0.055445544554455446,0.031683168316831684,25
2017,"kingston upon hull, city of",25,1250,21000,6000,2500,4500,12000,6000,7000,2000,1250,1250,6000,15000,6000,12000,18000,4000,1,22,50.903203125,14.678546666666668,895,830,125775,3.8818913896345237,Medium Growth,0.09622317382575873,0.05565493937586961,1.9876764062810574e-4,0.031802822500496916,0.11926058437686345,0.04770423375074538,0.09540846750149076,0.009938382031405287,0.14311270125223613,0.015901411250248458,0.16696481812760883,0.009938382031405287,0.019876764062810574,0.04770423375074538,0.009938382031405287,0.04770423375074538,0.09540846750149076,0.04770423375074538,0.03577817531305903,65
2017,kirklees,300,1250,25000,8000,4000,9000,18000,7000,10000,2500,1750,2500,9000,11000,5000,16000,19000,6000,40,2,60.3825078125,22.902973333333332,1800,1835,155300,1.2385919165580181,Low Growth,0.08940239463406928,0.0643915003219575,0.0019317450096587251,0.038634900193174504,0.07083065035415326,0.051513200257566,0.103026400515132,0.011268512556342562,0.12234385061171925,0.016097875080489377,0.16097875080489377,0.008048937540244688,0.025756600128783,0.05795235028976175,0.016097875080489377,0.03219575016097875,0.1159047005795235,0.04507405022537025,0.05795235028976175,-35
2017,leeds,600,6000,28000,20000,7000,17000,34000,23000,28000,20000,26000,6000,49000,56000,15000,40000,53000,18000,73,1,53.2300234375,19.58152,3815,3885,446600,3.6194895591647334,High Growth,0.07838675215175053,0.06269592476489028,0.0013434841021047917,0.040304523063143756,0.12539184952978055,0.04478280340349306,0.08956560680698612,0.05821764442454098,0.11867442901925661,0.04478280340349306,0.06269592476489028,0.013434841021047918,0.01567398119122257,0.109717868338558,0.013434841021047918,0.03358710255261979,0.0761307657859382,0.05150022391401702,0.0380653828929691,-70
2017,north east lincolnshire,150,600,11000,3000,1750,2000,8000,7000,4500,500,900,800,3500,5000,2000,6000,11000,2000,9,1,55.0806640625,16.73892,565,595,69700,2.4246877296105804,Low Growth,0.0977019775261471,0.06456241032998565,0.002152080344332855,0.028694404591104734,0.07173601147776183,0.043041606886657105,0.08608321377331421,0.01291248206599713,0.15781922525107603,0.007173601147776184,0.15781922525107603,0.00860832137733142,0.025107604017216643,0.05021520803443329,0.011477761836441894,0.028694404591104734,0.11477761836441894,0.10043041606886657,0.028694404591104734,-30
2017,north lincolnshire,800,1250,17000,5000,2000,2250,7000,6000,4500,450,500,500,2500,5000,2500,5000,8000,1750,51,3,54.05546875,18.100533333333335,610,610,72000,1.3370865587614356,Medium Growth,0.10817515432098765,0.0625,0.011111111111111112,0.024305555555555556,0.06944444444444445,0.06944444444444445,0.06944444444444445,0.006944444444444444,0.1111111111111111,0.00625,0.2361111111111111,0.017361111111111112,0.027777777777777776,0.034722222222222224,0.006944444444444444,0.034722222222222224,0.09722222222222222,0.08333333333333333,0.03125,0
2017,rotherham,175,1750,14000,7000,2000,3500,10000,5000,6000,2000,1750,600,7000,7000,6000,9000,13000,3000,51,4,56.0264765625,16.707493333333332,950,950,98775,-3.704606385571533,Low Growth,0.08463747984436787,0.060744115413819286,0.001771703366236396,0.030372057706909643,0.07086813464945584,0.07086813464945584,0.09111617312072894,0.01771703366236396,0.13161225006327512,0.020248038471273096,0.14173626929891167,0.01771703366236396,0.020248038471273096,0.07086813464945584,0.006074411541381929,0.060744115413819286,0.10124019235636547,0.050620096178182736,0.03543406732472792,0
2017,sheffield,200,1500,23000,9000,4500,10000,26000,10000,17000,9000,9000,3000,22000,21000,12000,32000,41000,10000,51,2,53.64693359375,20.071506666666668,2200,2080,260200,2.602523659305994,Medium Growth,0.08629529345663862,0.06533435818601076,7.686395080707148e-4,0.03843197540353574,0.08070714834742505,0.034588777863182166,0.12298232129131437,0.034588777863182166,0.15757109915449655,0.034588777863182166,0.0883935434281322,0.005764796310530361,0.017294388931591083,0.08455034588777863,0.011529592621060722,0.04611837048424289,0.09992313604919292,0.03843197540353574,0.03843197540353574,120
2017,wakefield,200,2250,17000,7000,4000,9000,14000,16000,9000,2250,1500,2500,8000,15000,9000,12000,19000,4000,62,2,58.71296875,19.721986666666666,1300,1220,151700,1.9146792072556267,High Growth,0.08159188176713138,0.05932762030323006,0.0013183915622940012,0.026367831245880026,0.09887936717205009,0.04614370468029005,0.07910349373764008,0.00988793671720501,0.12524719841793014,0.014831905075807514,0.11206328279499012,0.014831905075807514,0.026367831245880026,0.05273566249176005,0.016479894528675015,0.05932762030323006,0.0922874093605801,0.1054713249835201,0.05932762030323006,80
2017,york,225,300,4500,4000,1750,2250,14000,5000,12000,3000,4000,1750,9000,8000,6000,12000,15000,4000,42,2,59.52655078125,23.36208,775,740,106775,4.835542464408444,High Growth,0.08802621459565613,0.11238585811285413,0.002107234839616015,0.037461952704284714,0.07492390540856943,0.037461952704284714,0.11238585811285413,0.037461952704284714,0.14048232264106766,0.028096464528213533,0.0421446967923203,0.002809646452821353,0.016389604308124563,0.0842893935846406,0.016389604308124563,0.05619292905642707,0.1311168344649965,0.04682744088035589,0.02107234839616015,35
2018,barnsley,300,700,13000,4000,1500,3000,8000,6000,6000,1500,1000,1250,3000,7000,2500,7000,14000,2500,50,1.4,48.75894140625,15.05916,920,750,82250,3.9166140240050535,High Growth,0.09654641032510786,0.0729483282674772,0.00364741641337386,0.030395136778115502,0.0851063829787234,0.0486322188449848,0.0851063829787234,0.0121580547112462,0.1702127659574468,0.0182370820668693,0.1580547112462006,0.00851063829787234,0.0182370820668693,0.0364741641337386,0.015197568389057751,0.030395136778115502,0.0972644376899696,0.0729483282674772,0.0364741641337386,170
2018,bradford,300,3500,27000,6000,3500,9000,20000,9000,12000,5000,7000,3000,12000,11000,9000,23000,32000,6000,20.6,0.7,47.01090625,16.56796,2155,1770,198300,-2.19482120838471,Low Growth,0.08935228311042245,0.060514372163388806,0.0015128593040847202,0.030257186081694403,0.05547150781643974,0.030257186081694403,0.11598587997982854,0.03530005042864347,0.16137165910237014,0.025214321734745335,0.1361573373676248,0.017650025214321734,0.017650025214321734,0.060514372163388806,0.015128593040847202,0.0453857791225416,0.10085728693898134,0.0453857791225416,0.0453857791225416,385
2018,calderdale,200,600,14000,3500,1000,4000,7000,3500,7000,2000,7000,1000,4500,10000,3000,8000,10000,4000,47.6,1.9,58.90668359375,22.032693333333334,1280,870,90300,0.47287899860917937,Low Growth,0.08574224714223169,0.07751937984496124,0.0022148394241417496,0.044296788482835,0.11074197120708748,0.03875968992248062,0.08859357696567,0.07751937984496124,0.11074197120708748,0.0221483942414175,0.15503875968992248,0.006644518272425249,0.01107419712070875,0.04983388704318937,0.01107419712070875,0.03322259136212625,0.07751937984496124,0.03875968992248062,0.044296788482835,410
2018,doncaster,400,1000,11000,7000,3000,4500,12000,11000,7000,2000,3000,800,6000,10000,7000,11000,20000,4000,49.8,1.2,50.48887109375,14.83348,1605,1375,120700,-2.97427652733119,Medium Growth,0.08580504911627768,0.0579950289975145,0.0033140016570008283,0.033140016570008285,0.08285004142502071,0.0579950289975145,0.09113504556752279,0.024855012427506214,0.16570008285004142,0.016570008285004142,0.09113504556752279,0.008285004142502071,0.024855012427506214,0.04971002485501243,0.006628003314001657,0.0579950289975145,0.09942004971002485,0.09113504556752279,0.037282518641259324,230
2018,east riding of yorkshire,3500,2250,19000,5000,2250,4500,12000,6000,11000,3000,1250,1500,8000,8000,8000,11000,15000,4500,52.5,3.7,58.304734375,21.53108,1400,1370,125750,-0.39603960396039606,Medium Growth,0.08225399096474828,0.0874751491053678,0.027833001988071572,0.03578528827037773,0.0636182902584493,0.039761431411530816,0.0874751491053678,0.009940357852882704,0.11928429423459244,0.02385685884691849,0.15109343936381708,0.017892644135188866,0.017892644135188866,0.0636182902584493,0.011928429423459244,0.0636182902584493,0.09542743538767395,0.04771371769383698,0.03578528827037773,30
2018,"kingston upon hull, city of",125,1250,21000,5000,2000,4500,13000,6000,7000,2500,1250,1500,6000,15000,6000,12000,18000,4000,1.3,7.9,51.40698828125,15.3458,825,825,126125,0.278274696879348,Medium Growth,0.09661412009457007,0.05550049554013875,9.910802775024777e-4,0.031714568880079286,0.11892963330029732,0.03964321110009911,0.09514370664023786,0.009910802775024777,0.14271555996035679,0.019821605550049554,0.16650148662041625,0.009910802775024777,0.015857284440039643,0.04757185332011893,0.011892963330029732,0.04757185332011893,0.10307234886025768,0.04757185332011893,0.035678889990089196,0
2018,kirklees,350,1250,27000,7000,3000,10000,17000,6000,10000,3500,2000,2250,9000,10000,5000,17000,19000,5000,34.7,0.9,57.0654140625,22.172266666666665,1825,1665,154350,-0.6117192530585963,Low Growth,0.09301564425421549,0.06478781988986071,0.0022675736961451248,0.032393909944930355,0.06478781988986071,0.045351473922902494,0.1101392938127632,0.01295756397797214,0.12309685779073534,0.022675736961451247,0.1749271137026239,0.008098477486232589,0.019436345966958212,0.05830903790087463,0.014577259475218658,0.032393909944930355,0.1101392938127632,0.038872691933916424,0.06478781988986071,160
2018,leeds,600,8000,29000,17000,6000,17000,33000,23000,28000,27000,27000,7000,51000,54000,15000,43000,56000,19000,31.8,0.8,52.43463671875,19.249506666666665,4065,3765,460600,3.1347962382445136,High Growth,0.07785140829920535,0.060790273556231005,0.0013026487190620929,0.04125054277029961,0.11723838471558837,0.03690838037342597,0.09335649153278333,0.058619192357794184,0.12158054711246201,0.058619192357794184,0.06296135475466783,0.017368649587494574,0.013026487190620929,0.1107251411202779,0.015197568389057751,0.03256621797655232,0.07164567954841511,0.04993486756404689,0.03690838037342597,300
2018,north east lincolnshire,150,700,11000,2250,1500,2250,7000,6000,4500,600,900,800,3000,5000,2250,7000,10000,2250,5.4,1.1,49.827859375,15.075066666666666,560,505,67150,-3.6585365853658534,Low Growth,0.0962654041889525,0.06701414743112435,0.0022338049143708115,0.03350707371556218,0.07446016381236038,0.03350707371556218,0.10424422933730454,0.01340282948622487,0.14892032762472077,0.008935219657483246,0.16381236038719285,0.010424422933730455,0.022338049143708117,0.044676098287416234,0.011913626209977662,0.03350707371556218,0.10424422933730454,0.08935219657483247,0.03350707371556218,55
2018,north lincolnshire,900,1250,17000,5000,1500,2250,6000,7000,4500,600,500,600,2500,6000,2500,6000,9000,1750,49.1,2,53.98344140625,17.341973333333332,620,555,74850,3.958333333333333,Medium Growth,0.1068210792549249,0.06012024048096192,0.012024048096192385,0.023380093520374082,0.08016032064128256,0.06680026720106881,0.08016032064128256,0.006680026720106881,0.12024048096192384,0.008016032064128256,0.22712090848363392,0.016700066800267203,0.02004008016032064,0.033400133600534405,0.008016032064128256,0.033400133600534405,0.08016032064128256,0.09352037408149633,0.03006012024048096,65
2018,rotherham,175,1750,15000,5000,1750,3500,9000,5000,6000,3500,1750,600,3500,9000,6000,10000,13000,3000,43.5,0.6,54.1995234375,16.360013333333335,955,855,97525,-1.2655024044545684,Low Growth,0.08761614112314914,0.06152268649064342,0.0017944116893104333,0.03076134324532171,0.09228402973596514,0.05126890540886952,0.10253781081773904,0.017944116893104333,0.13329915406306075,0.035888233786208666,0.15380671622660858,0.017944116893104333,0.017944116893104333,0.035888233786208666,0.006152268649064343,0.06152268649064342,0.09228402973596514,0.05126890540886952,0.035888233786208666,100
2018,sheffield,250,1750,24000,8000,3500,10000,27000,10000,17000,11000,9000,3000,20000,20000,12000,32000,41000,10000,56.3,1,53.40576171875,19.988946666666667,2155,1850,259500,-0.2690238278247502,Medium Growth,0.0866253837786465,0.06551059730250482,9.633911368015414e-4,0.038535645472061654,0.07707129094412331,0.030828516377649325,0.1233140655105973,0.03468208092485549,0.1579961464354528,0.04238921001926782,0.09248554913294797,0.00674373795761079,0.01348747591522158,0.07707129094412331,0.011560693641618497,0.046242774566473986,0.10404624277456648,0.038535645472061654,0.038535645472061654,305
2018,wakefield,225,2500,19000,7000,3000,10000,13000,17000,9000,2500,1500,2500,7000,14000,9000,11000,21000,4500,62,1.1,56.9214921875,20.396253333333334,1225,1125,153725,1.3348714568226763,High Growth,0.08409585021777588,0.058546105057732965,0.001463652626443324,0.029273052528866483,0.09107171897869572,0.04553585948934786,0.07155635062611806,0.009757684176288828,0.13660757846804358,0.01626280696048138,0.12359733289965848,0.01626280696048138,0.019515368352577656,0.04553585948934786,0.01626280696048138,0.058546105057732965,0.08456659619450317,0.11058708733127338,0.06505122784192552,100
2018,york,250,450,5000,3500,1250,2000,13000,4500,12000,3500,4000,2000,8000,7000,6000,12000,16000,4000,22.2,0.9,58.04515625,23.35981333333333,850,670,104450,-2.177476000936549,High Growth,0.0892387831952045,0.11488750598372427,0.0023934897079942556,0.03829583532790809,0.06701771182383916,0.03350885591191958,0.11488750598372427,0.03829583532790809,0.15318334131163236,0.03350885591191958,0.04786979415988511,0.00430828147438966,0.011967448539971278,0.07659167065581618,0.019147917663954045,0.057443752991862135,0.12446146481570129,0.0430828147438966,0.019147917663954045,180
2019,barnsley,225,450,12000,5000,1500,3000,9000,6000,5000,1500,900,1250,3500,7000,1750,7000,14000,3500,42.6,0.5,51.25189453125,15.296746666666667,925,780,82575,0.3951367781155016,High Growth,0.09513466276082376,0.060551014229488345,0.0027247956403269754,0.04238570996064184,0.08477141992128367,0.060551014229488345,0.08477141992128367,0.010899182561307902,0.16954283984256735,0.018165304268846504,0.14532243415077203,0.005449591280653951,0.018165304268846504,0.04238570996064184,0.015137753557372086,0.02119285498032092,0.10899182561307902,0.07266121707538602,0.03633060853769301,145
2019,bradford,300,3500,27000,8000,3500,9000,21000,7000,11000,4500,6000,3000,12000,11000,9000,21000,33000,7000,31.5,0.6,48.80592578125,15.571693333333332,2230,1795,196800,-0.7564296520423601,Low Growth,0.09036453169409743,0.05589430894308943,0.001524390243902439,0.03556910569105691,0.05589430894308943,0.04065040650406504,0.10670731707317073,0.03048780487804878,0.1676829268292683,0.022865853658536585,0.13719512195121952,0.017784552845528455,0.017784552845528455,0.06097560975609756,0.01524390243902439,0.04573170731707317,0.10670731707317073,0.03556910569105691,0.04573170731707317,435
2019,calderdale,200,450,13000,5000,1250,4000,8000,3500,6000,2000,7000,1250,5000,9000,3000,8000,10000,5000,52.3,0.9,60.7203671875,20.63104,1030,995,91650,1.495016611295681,Low Growth,0.0812666727978216,0.06546644844517185,0.002182214948172395,0.05455537370430987,0.09819967266775777,0.05455537370430987,0.0872885979268958,0.07637752318603383,0.10911074740861974,0.02182214948172395,0.14184397163120568,0.004909983633387889,0.013638843426077468,0.05455537370430987,0.013638843426077468,0.03273322422258593,0.0872885979268958,0.038188761593016915,0.0436442989634479,35
2019,doncaster,350,800,11000,9000,3000,4500,13000,11000,7000,2000,2500,900,6000,9000,6000,10000,21000,4500,54.5,0.8,51.09987890625,13.57716,1735,1280,121550,0.7042253521126761,Medium Growth,0.08774111169639517,0.057589469354175235,0.002879473467708762,0.03702180172768408,0.07404360345536816,0.07404360345536816,0.08227067050596462,0.020567667626491155,0.17276840806252572,0.016454134101192924,0.09049773755656108,0.00658165364047717,0.024681201151789386,0.04936240230357877,0.007404360345536816,0.04936240230357877,0.10695187165775401,0.09049773755656108,0.03702180172768408,455
2019,east riding of yorkshire,3000,2000,18000,7000,2500,4000,14000,5000,9000,3000,900,1500,9000,7000,8000,11000,16000,6000,52.9,1.7,61.35034375,20.70088,1325,1215,126900,0.9145129224652087,Medium Growth,0.08254732944973209,0.07092198581560284,0.02364066193853428,0.04728132387706856,0.055161544523246654,0.055161544523246654,0.08668242710795902,0.0070921985815602835,0.12608353033884948,0.02364066193853428,0.14184397163120568,0.015760441292356184,0.019700551615445233,0.07092198581560284,0.01182033096926714,0.06304176516942474,0.11032308904649331,0.039401103230890466,0.03152088258471237,110
2019,"kingston upon hull, city of",100,900,20000,7000,2000,4000,12000,5000,6000,3000,1000,1500,4500,15000,6000,11000,19000,4500,1.1,0.2,52.356296875,13.210706666666667,930,695,122500,-2.8741328047571852,Medium Growth,0.09799716784673052,0.04897959183673469,8.163265306122449e-4,0.036734693877551024,0.12244897959183673,0.05714285714285714,0.08979591836734693,0.00816326530612245,0.15510204081632653,0.024489795918367346,0.16326530612244897,0.007346938775510204,0.0163265306122449,0.036734693877551024,0.012244897959183673,0.04897959183673469,0.09795918367346938,0.04081632653061224,0.0326530612244898,235
2019,kirklees,300,900,25000,9000,3500,8000,19000,5000,9000,3000,1750,3000,9000,9000,5000,17000,22000,7000,33.4,0.8,54.7725703125,19.469973333333332,2045,1515,156450,1.3605442176870748,Low Growth,0.09315886467494826,0.05752636625119847,0.0019175455417066154,0.0447427293064877,0.05752636625119847,0.05752636625119847,0.10866091403004155,0.011185682326621925,0.1406200063918185,0.019175455417066157,0.15979546180888463,0.005752636625119847,0.02237136465324385,0.05752636625119847,0.019175455417066157,0.03195909236177692,0.12144455097475232,0.03195909236177692,0.05113454777884308,530
2019,leeds,600,7000,28000,22000,6000,15000,35000,20000,26000,25000,26000,7000,49000,55000,17000,43000,58000,22000,19.1,0.7,52.2377109375,16.87424,3890,3295,461600,0.21710811984368217,High Growth,0.07810111164842955,0.05632582322357019,0.0012998266897746968,0.047660311958405546,0.11915077989601386,0.047660311958405546,0.09315424610051994,0.05632582322357019,0.12564991334488734,0.05415944540727903,0.060658578856152515,0.015164644714038129,0.012998266897746967,0.1061525129982669,0.015164644714038129,0.03682842287694974,0.07582322357019064,0.043327556325823226,0.03249566724436742,595
2019,north east lincolnshire,125,700,11000,3000,1750,2000,8000,5000,4000,500,700,800,3500,4000,2250,6000,10000,2500,9.2,1.3,52.228390625,14.30624,595,520,65825,-1.9731943410275503,Low Growth,0.09681914189429239,0.060767185719711354,0.0018989745537409798,0.0379794910748196,0.060767185719711354,0.04557538928978352,0.091150778579567035,0.010634257500949488,0.1519179642992784,0.007595898214963919,0.16710976072920622,0.010634257500949488,0.026585643752373718,0.053171287504747436,0.012153437143942271,0.034181541967337636,0.12153437143942271,0.0759589821496392,0.030383592859855677,75
2019,north lincolnshire,800,1500,17000,6000,1750,2250,7000,6000,3500,600,400,600,2500,5000,2000,5000,10000,2500,53.6,2.1,55.93652734375,16.50116,655,570,74400,-0.6012024048096193,Medium Growth,0.10851055757891084,0.04704301075268817,0.010752688172043012,0.033602150537634407,0.06720430107526881,0.08064516129032258,0.06720430107526881,0.005376344086021506,0.13440860215053763,0.008064516129032258,0.22849462365591397,0.020161290322580645,0.023521505376344086,0.033602150537634407,0.008064516129032258,0.026881720430107527,0.09408602150537634,0.08064516129032258,0.03024193548387097,85
2019,rotherham,175,1500,13000,7000,2000,4000,10000,4500,6000,3500,1250,500,4000,9000,6000,9000,14000,4000,39.7,0.5,55.37298046875,16.150933333333334,1145,855,99425,1.9482184055370415,Low Growth,0.08462975662991545,0.060346995222529544,0.001760120693990445,0.04023133014835303,0.09052049283379432,0.0704048277596178,0.09052049283379432,0.012572290671360321,0.1408096555192356,0.0352024138798089,0.13075182298214735,0.015086748805632386,0.020115665074176513,0.04023133014835303,0.005028916268544128,0.060346995222529544,0.10057832537088257,0.04526024641689716,0.04023133014835303,290
2019,sheffield,200,1250,22000,10000,4000,10000,27000,12000,16000,12000,9000,3000,21000,19000,13000,33000,42000,12000,49.6,0.6,52.68849609375,18.536666666666665,2195,1910,266450,2.678227360308285,Medium Growth,0.08497149524155387,0.060048789641583784,7.506098705197974e-4,0.04503659223118784,0.07130793769938075,0.03753049352598987,0.12385062863576655,0.03377744417339088,0.15762807280915744,0.04503659223118784,0.08256708575717771,0.0046913116907487335,0.015012197410395946,0.07881403640457872,0.01125914805779696,0.048789641583786826,0.10133233252017264,0.04503659223118784,0.03753049352598987,285
2019,wakefield,225,2000,19000,9000,4000,9000,13000,17000,8000,2250,1500,2500,7000,13000,9000,11000,22000,5000,51.5,0.9,55.60514453125,17.682533333333332,1260,1060,154475,0.4878842088144414,High Growth,0.08413246596565992,0.05178831526136916,0.0014565463667260074,0.03236769703835572,0.08415601229972487,0.0582618546690403,0.07120893348438259,0.009710309111506716,0.14241786696876518,0.014565463667260074,0.12299724874575174,0.01294707881534229,0.02589415763068458,0.04531477585369801,0.01618384851917786,0.0582618546690403,0.08415601229972487,0.11005016993040945,0.0582618546690403,200
2019,york,225,250,5000,4500,1500,2000,14000,4500,11000,3500,4000,1750,8000,9000,6000,12000,16000,5000,23,0.6,59.19700390625,22.422093333333333,910,710,108225,3.614169459071326,High Growth,0.08761258726608692,0.10164010164010163,0.002079002079002079,0.0462000462000462,0.08316008316008316,0.04158004158004158,0.11088011088011088,0.03696003696003696,0.14784014784014785,0.03234003234003234,0.0462000462000462,0.00231000231000231,0.01386001386001386,0.07392007392007392,0.01617001617001617,0.05544005544005544,0.12936012936012936,0.04158004158004158,0.01848001848001848,200
2020,barnsley,225,600,13000,5000,1750,3000,8000,6000,5000,1000,1000,1250,3000,8000,3000,7000,12000,2500,97.9,0.3,51.13369921875,13.507333333333333,975,735,81325,-1.5137753557372087,High Growth,0.09318240043076886,0.06148170919151552,0.0027666769136181985,0.03074085459575776,0.09837073470642484,0.06148170919151552,0.08607439286812173,0.012296341838303105,0.14755610205963726,0.012296341838303105,0.15985244389794037,0.007377805102981863,0.02151859821703043,0.036889025514909315,0.01537042729787888,0.036889025514909315,0.09837073470642484,0.07377805102981863,0.036889025514909315,240
2020,bradford,300,3000,24000,8000,4000,10000,19000,7000,10000,4000,7000,3000,13000,12000,9000,21000,33000,6000,96.4,0.5,50.2603046875,14.789293333333333,2155,1770,193300,-1.7784552845528454,Low Growth,0.08856148111234904,0.05173305742369374,0.0015519917227108122,0.031039834454216243,0.062079668908432487,0.04138644593895499,0.10863942058975685,0.03621314019658562,0.17071908949818934,0.020693222969477496,0.12415933781686497,0.015519917227108122,0.020693222969477496,0.06725297465080186,0.015519917227108122,0.04655975168132437,0.0982928091050181,0.03621314019658562,0.05173305742369374,385
2020,calderdale,200,500,13000,5000,1500,4500,7000,3000,5000,1500,7000,1250,4500,11000,3000,8000,9000,3500,95,0.8,59.00854296875,17.64265333333333,870,1040,88450,-3.491543917075832,Low Growth,0.08437537248019643,0.05652911249293386,0.0022611644997173543,0.0395703787450537,0.1243640474844545,0.05652911249293386,0.09044657998869418,0.0791407574901074,0.10175240248728094,0.016958733747880157,0.14697569248162803,0.005652911249293386,0.016958733747880157,0.05087620124364047,0.014132278123233465,0.033917467495760314,0.0791407574901074,0.033917467495760314,0.05087620124364047,-170
2020,doncaster,350,1250,11000,8000,3500,4500,11000,12000,6000,1750,2500,1000,6000,10000,6000,10000,20000,4500,97.5,0.5,51.2149921875,14.25112,1705,1270,119350,-1.809954751131222,Medium Growth,0.08584044035481257,0.050272308336824466,0.002932551319648094,0.03770423125261835,0.08378718056137412,0.06702974444909929,0.08378718056137412,0.02094679514034353,0.16757436112274823,0.01466275659824047,0.09216589861751152,0.010473397570171765,0.02932551319648094,0.050272308336824466,0.008378718056137411,0.050272308336824466,0.09216589861751152,0.10054461667364893,0.03770423125261835,435
2020,east riding of yorkshire,3000,2250,18000,7000,3000,5000,11000,5000,9000,2500,900,1500,8000,8000,8000,11000,15000,5000,95.4,1.5,58.2106015625,17.852173333333333,1285,1190,123150,-2.955082742316785,Medium Growth,0.08046806912009474,0.0730816077953715,0.024360535931790498,0.04060089321965083,0.06496142915144133,0.05684125050751117,0.08932196508323183,0.007308160779537149,0.1218026796589525,0.020300446609825416,0.146163215590743,0.018270401948842874,0.024360535931790498,0.06496142915144133,0.012180267965895249,0.06496142915144133,0.08932196508323183,0.04060089321965083,0.04060089321965083,95
2020,"kingston upon hull, city of",100,1000,20000,7000,2250,4000,11000,4500,6000,3000,1250,1750,4500,16000,6000,11000,17000,4000,98.4,0,47.15274609375,11.512146666666666,835,695,120350,-1.7551020408163265,Medium Growth,0.09667119979135776,0.04985459077690071,8.309098462816784e-4,0.033236393851267136,0.13294557540506854,0.05816368923971749,0.09140008309098463,0.01038637307852098,0.14125467386788534,0.024927295388450354,0.1661819692563357,0.008309098462816784,0.018695471541337765,0.03739094308267553,0.014540922309929373,0.04985459077690071,0.09140008309098463,0.03739094308267553,0.033236393851267136,140
2020,kirklees,300,1000,24000,9000,3500,8000,17000,6000,8000,2500,2000,3000,8000,10000,5000,17000,20000,6000,97.1,0.5,55.6236328125,17.06328,2170,1505,150300,-3.9309683604985617,Low Growth,0.0910394779303668,0.05322687957418496,0.001996007984031936,0.03992015968063872,0.0665335994677312,0.059880239520958084,0.11310711909514305,0.01330671989354624,0.1330671989354624,0.0166333998669328,0.1596806387225549,0.00665335994677312,0.023286759813705923,0.05322687957418496,0.01996007984031936,0.0332667997338656,0.11310711909514305,0.03992015968063872,0.05322687957418496,665
2020,leeds,600,7000,25000,21000,6000,16000,31000,21000,24000,23000,25000,7000,49000,60000,17000,43000,57000,19000,96.6,0.6,52.5230078125,15.842533333333334,3815,3470,451600,-2.166377816291161,High Growth,0.08010765384135611,0.053144375553587246,0.001328609388839681,0.0420726306465899,0.1328609388839681,0.04650132860938884,0.09521700620017715,0.05535872453498671,0.1262178919397697,0.05093002657218778,0.05535872453498671,0.01550044286979628,0.013286093888396812,0.10850310008857396,0.01550044286979628,0.037643932683790966,0.06864481842338352,0.04650132860938884,0.0354295837023915,345
2020,north east lincolnshire,125,900,11000,3000,2000,2000,6000,5000,4000,450,600,800,3000,5000,1500,6000,12000,2250,96.9,1.3,52.024328125000004,12.548946666666666,665,480,65625,-0.3038359285985568,Low Growth,0.10178249433106576,0.06095238095238095,0.0019047619047619048,0.03428571428571429,0.0761904761904762,0.045714285714285714,0.09142857142857143,0.009142857142857144,0.18285714285714286,0.006857142857142857,0.1676190476190476,0.013714285714285714,0.030476190476190476,0.045714285714285714,0.01219047619047619,0.022857142857142857,0.09142857142857143,0.0761904761904762,0.030476190476190476,185
2020,north lincolnshire,900,1250,18000,6000,2000,2000,6000,6000,3500,500,450,700,2500,5000,2500,5000,9000,2000,94,1.8,54.82305859375,15.2954,605,520,73300,-1.478494623655914,Medium Growth,0.11224220112453447,0.047748976807639835,0.01227830832196453,0.027285129604365622,0.06821282401091405,0.08185538881309687,0.06821282401091405,0.006139154160982265,0.12278308321964529,0.0068212824010914054,0.24556616643929058,0.017053206002728513,0.027285129604365622,0.034106412005457026,0.009549795361527967,0.034106412005457026,0.08185538881309687,0.08185538881309687,0.027285129604365622,85
2020,rotherham,200,2500,14000,7000,2000,4000,9000,6000,6000,3000,1250,500,4000,10000,6000,9000,13000,3500,98.2,0.4,52.395453125,13.441133333333333,1100,845,100950,1.5338194619059593,Low Growth,0.08334418860351181,0.05943536404160475,0.001981178801386825,0.03467062902426944,0.09905894006934125,0.06934125804853888,0.08915304606240713,0.012382367508667657,0.12877662209014362,0.029717682020802376,0.13868251609707777,0.024764735017335313,0.01981178801386825,0.0396235760277365,0.004952947003467063,0.05943536404160475,0.08915304606240713,0.05943536404160475,0.0396235760277365,255
2020,sheffield,200,1750,20000,9000,4000,9000,23000,10000,16000,10000,9000,3000,19000,22000,16000,32000,41000,10000,96.2,0.5,51.71820703125,16.65868,2120,1710,254950,-4.316006755488835,Medium Growth,0.08557146264311792,0.06275740341243381,7.844675426554226e-4,0.03922337713277113,0.0862914296920965,0.035301039419494015,0.12551480682486763,0.035301039419494015,0.16081584624436163,0.03922337713277113,0.07844675426554226,0.006864090998234948,0.015689350853108453,0.07452441655226515,0.011767013139831339,0.06275740341243381,0.0902137674053736,0.03922337713277113,0.035301039419494015,410
2020,wakefield,225,2000,18000,8000,4000,9000,11000,16000,8000,2000,1500,2500,7000,14000,10000,12000,22000,4500,95.6,0.7,56.403441406249996,16.023066666666665,1285,1060,151725,-1.7802233371095648,High Growth,0.08409038355826759,0.052726973142198055,0.0014829461196243204,0.029658922392486405,0.0922722029988466,0.052726973142198055,0.07909045971329709,0.009886307464162136,0.14499917614104466,0.013181743285549514,0.11863568956994562,0.013181743285549514,0.026363486571099028,0.0461361014994233,0.01647717910693689,0.06590871642774757,0.07249958807052233,0.10545394628439611,0.05931784478497281,225
2020,york,225,350,4000,4000,1500,2000,13000,4500,10000,3000,4000,2500,8000,10000,6000,12000,15000,4500,94.1,0.8,58.30824609375,18.757373333333334,745,645,104575,-3.372603372603373,High Growth,0.0867025548637293,0.09562514941429597,0.002151565861821659,0.043031317236433185,0.09562514941429597,0.03825005976571838,0.11475017929715516,0.03825005976571838,0.14343772412144393,0.02868754482428879,0.03825005976571838,0.0033468802295003584,0.014343772412144394,0.07650011953143676,0.02390628735357399,0.05737508964857758,0.12431269423858475,0.043031317236433185,0.01912502988285919,100
2021,barnsley,200,500,12000,5000,1500,2500,8000,7000,6000,1250,900,1500,3500,7000,3000,8000,14000,3000,97.9,0.4,54.8424140625,14.6556,1070,950,84850,4.334460498001844,High Growth,0.09315374734921657,0.07071302298173247,0.002357100766057749,0.03535651149086624,0.08249852681202122,0.05892751915144372,0.09428403064230996,0.01060695344725987,0.16499705362404243,0.01473187978786093,0.14142604596346495,0.0058927519151443725,0.01767825574543312,0.04124926340601061,0.01767825574543312,0.03535651149086624,0.09428403064230996,0.08249852681202122,0.02946375957572186,120
2021,bradford,300,3000,25000,7000,3500,10000,18000,9000,13000,4000,7000,3000,13000,13000,9000,23000,38000,7000,96.4,0.4,51.358734375,16.325213333333334,2360,1925,205800,6.466632177961717,Low Growth,0.09171207008417694,0.06316812439261418,0.0014577259475218659,0.034013605442176874,0.06316812439261418,0.034013605442176874,0.11175898931000972,0.034013605442176874,0.184645286686103,0.019436345966958212,0.12147716229348883,0.014577259475218658,0.017006802721088437,0.06316812439261418,0.014577259475218658,0.043731778425655975,0.08746355685131195,0.043731778425655975,0.04859086491739553,435
2021,calderdale,175,450,14000,4500,1500,4000,7000,3000,6000,2250,6000,1500,4500,11000,3000,8000,10000,4500,94.6,0.7,59.94502734375,19.014573333333335,1135,1105,91375,3.306953080836631,Low Growth,0.08462241817797331,0.06566347469220246,0.0019151846785225718,0.049247606019151846,0.12038303693570451,0.049247606019151846,0.08755129958960328,0.06566347469220246,0.1094391244870041,0.024623803009575923,0.15321477428180574,0.004924760601915185,0.016415868673050615,0.049247606019151846,0.016415868673050615,0.03283173734610123,0.07660738714090287,0.03283173734610123,0.04377564979480164,30
2021,doncaster,350,1250,11000,8000,3500,4000,11000,16000,7000,2000,2250,1250,6000,10000,6000,11000,22000,5000,97.6,0.5,52.75719140625,14.702146666666668,1735,1510,127600,6.912442396313365,Medium Growth,0.0892753608946453,0.054858934169279,0.00274294670846395,0.03918495297805643,0.07836990595611286,0.06269592476489028,0.08620689655172414,0.01763322884012539,0.1724137931034483,0.01567398119122257,0.08620689655172414,0.009796238244514107,0.0274294670846395,0.047021943573667714,0.009796238244514107,0.047021943573667714,0.08620689655172414,0.12539184952978055,0.03134796238244514,225
2021,east riding of yorkshire,3500,2000,20000,6000,2500,5000,11000,6000,11000,3000,800,1500,8000,7000,7000,11000,18000,6000,95.9,1.4,60.85584765625,18.3566,1430,1195,129300,4.993909866017052,Medium Growth,0.08471997171993403,0.08507347254447023,0.027068832173240527,0.04640371229698376,0.054137664346481054,0.04640371229698376,0.08507347254447023,0.006187161639597835,0.13921113689095127,0.02320185614849188,0.15467904098994587,0.015467904098994586,0.019334880123743233,0.061871616395978345,0.01160092807424594,0.054137664346481054,0.08507347254447023,0.04640371229698376,0.038669760247486466,235
2021,"kingston upon hull, city of",20,1000,21000,7000,2000,4500,11000,5000,6000,3000,1250,1500,4500,13000,6000,12000,19000,4500,98.5,0,54.86747265625,12.94528,1075,725,122270,1.5953469048608226,Medium Growth,0.09769682284417096,0.04907172650691093,1.635724216897031e-4,0.0368037948801832,0.10632207409830703,0.05725034759139609,0.09814345301382187,0.010223276355606445,0.15539380060521796,0.024535863253455466,0.17175104277418826,0.008178621084485155,0.01635724216897031,0.0368037948801832,0.012267931626727733,0.04907172650691093,0.08996483192933671,0.04089310542242578,0.0368037948801832,350
2021,kirklees,350,1250,30000,8000,3500,8000,15000,8000,10000,3500,1750,3000,8000,9000,6000,17000,23000,6000,96.9,0.5,56.64342578125,18.428253333333334,2045,2300,161350,7.351962741184298,Low Growth,0.09565431661063219,0.061977068484660676,0.0021691973969631237,0.03718624109079641,0.05577936163619461,0.04958165478772854,0.10536101642392315,0.010845986984815618,0.14254725751471956,0.021691973969631236,0.18593120545398203,0.0077471335605825845,0.021691973969631236,0.04958165478772854,0.018593120545398203,0.03718624109079641,0.09296560272699102,0.04958165478772854,0.04958165478772854,-255
2021,leeds,450,6000,30000,18000,6000,15000,30000,22000,26000,28000,24000,8000,48000,56000,19000,45000,66000,21000,96.6,0.5,54.83326171875,17.195893333333334,4105,4115,468450,3.731178033658104,High Growth,0.08033069865749408,0.05550218806702956,9.606147934678194e-4,0.04482869036183157,0.11954317429821752,0.03842459173871278,0.09606147934678194,0.051232788984950366,0.1408901697086135,0.05977158714910876,0.06404098623118797,0.012808197246237591,0.012808197246237591,0.10246557796990073,0.01707759632831679,0.04055929127975238,0.06404098623118797,0.04696338990287117,0.03202049311559398,-10
2021,north east lincolnshire,100,700,11000,2500,1750,2000,7000,7000,5000,600,600,900,3000,4500,1250,6000,13000,2500,96.7,1.3,54.56027734375,13.564453333333333,580,660,69400,5.752380952380952,Low Growth,0.10410455198531672,0.07204610951008646,0.001440922190201729,0.03602305475504323,0.06484149855907781,0.03602305475504323,0.08645533141210375,0.008645533141210375,0.1873198847262248,0.008645533141210375,0.1585014409221902,0.010086455331412104,0.02521613832853026,0.043227665706051875,0.012968299711815562,0.018011527377521614,0.10086455331412104,0.10086455331412104,0.02881844380403458,-80
2021,north lincolnshire,700,900,19000,6000,1750,2000,6000,7000,4000,600,400,800,2250,4500,2500,6000,10000,2500,93.5,1.8,58.0398515625,16.4654,685,590,76900,4.911323328785812,Medium Growth,0.11521473347075645,0.05201560468140442,0.0091027308192457735,0.032509752925877766,0.05851755526657997,0.07802340702210664,0.07802340702210664,0.005201560468140442,0.13003901170351106,0.007802340702210663,0.247074122236671,0.011703511053315995,0.022756827048114433,0.029258777633289986,0.010403120936280884,0.032509752925877766,0.07802340702210664,0.09102730819245773,0.02600780234070221,95
2021,rotherham,175,1250,15000,6000,2250,3500,9000,7000,7000,2500,1500,700,3500,9000,6000,9000,15000,3500,98,0.4,53.1975703125,14.748013333333333,1135,1185,101875,0.9162951956414067,Low Growth,0.08820101622191277,0.0687116564417178,0.0017177914110429449,0.0343558282208589,0.08834355828220859,0.05889570552147239,0.08834355828220859,0.014723926380368098,0.147239263803681,0.024539877300613498,0.147239263803681,0.012269938650306749,0.022085889570552148,0.0343558282208589,0.0068711656441717795,0.05889570552147239,0.08834355828220859,0.0687116564417178,0.0343558282208589,-50
2021,sheffield,225,1500,21000,8000,4000,8000,22000,10000,17000,12000,9000,3500,19000,23000,17000,34000,42000,10000,96.3,0.6,52.813875,18.12236,2695,1845,261225,2.4612669150813886,Medium Growth,0.08641090544184271,0.06507799789453536,8.613264427217916e-4,0.03828117523207963,0.08804670303378313,0.0306249401856637,0.13015599578907072,0.034453057708871665,0.16078093597473442,0.04593741027849555,0.08039046798736721,0.005742176284811944,0.01531247009283185,0.072734232940951285,0.013398411331227869,0.06507799789453536,0.08421858551057518,0.03828117523207963,0.0306249401856637,850
2021,wakefield,300,2000,19000,7000,3500,9000,11000,16000,9000,3000,1500,3000,7000,14000,10000,12000,24000,5000,96.1,0.6,54.59455859375,15.602466666666666,1410,1240,156300,3.0153237765694514,High Growth,0.08496178215933153,0.05758157389635317,0.0019193857965451055,0.03198976327575176,0.08957133717210493,0.044785668586052464,0.07677543186180422,0.009596928982725527,0.15355086372360843,0.019193857965451054,0.12156110044785669,0.012795905310300703,0.022392834293026232,0.044785668586052464,0.019193857965451054,0.06397952655150352,0.07037747920665387,0.10236724248240563,0.05758157389635317,170
2021,york,225,350,4000,3500,1500,1750,12000,5000,12000,4000,4000,1750,8000,9000,7000,12000,17000,5000,94.2,0.7,58.91172265625,20.731626666666667,800,720,108075,3.3468802295003584,High Growth,0.08850855525927438,0.11103400416377515,0.002081887578070784,0.046264168401572985,0.08327550312283137,0.03238491788110109,0.11103400416377515,0.037011334721258386,0.15729817256534814,0.037011334721258386,0.037011334721258386,0.003238491788110109,0.013879250520471894,0.07402266944251677,0.016192458940550544,0.06476983576220217,0.11103400416377515,0.046264168401572985,0.016192458940550544,80
2022,barnsley,200,600,13000,5000,2000,3000,9000,7000,5000,1250,1000,1500,3500,6000,3000,7000,14000,2500,98.4,0.3,55.35096484375,16.313746666666667,960,975,84550,-0.3535651149086624,High Growth,0.09452239759592736,0.05913660555884092,0.002365464222353637,0.02956830277942046,0.0709639266706091,0.05913660555884092,0.08279124778237729,0.011827321111768185,0.16558249556475457,0.01478415138971023,0.1537551744529864,0.007096392667060911,0.02365464222353637,0.04139562389118864,0.017740981667652277,0.03548196333530455,0.10644589000591366,0.08279124778237729,0.03548196333530455,-15
2022,bradford,300,2500,24000,8000,4500,11000,22000,9000,13000,3500,6000,3000,12000,13000,8000,22000,38000,6000,97.1,0.4,52.4978203125,16.519173333333335,2575,2275,205800,0,Low Growth,0.09255025069864124,0.06316812439261418,0.0014577259475218659,0.029154518950437316,0.06316812439261418,0.038872691933916424,0.10689990281827016,0.029154518950437316,0.184645286686103,0.017006802721088437,0.11661807580174927,0.012147716229348883,0.021865889212827987,0.05830903790087463,0.014577259475218658,0.038872691933916424,0.10689990281827016,0.043731778425655975,0.05344995140913508,300
2022,calderdale,175,600,12000,4500,1500,5000,7000,3000,6000,1500,7000,1250,4500,10000,3000,8000,11000,3500,95.1,0.6,61.89423828125,19.054733333333335,1235,995,89525,-2.024623803009576,Low Growth,0.0829976166526599,0.06702038536721586,0.001954761239877129,0.039095224797542585,0.1117006422786931,0.0502652890254119,0.08936051382295448,0.07819044959508517,0.12287070650656241,0.016755096341803964,0.1340407707344317,0.006702038536721586,0.016755096341803964,0.0502652890254119,0.013962580284836637,0.03351019268360793,0.07819044959508517,0.03351019268360793,0.05585032113934655,240
2022,doncaster,350,1750,11000,8000,4000,4500,13000,18000,8000,2500,2500,1250,6000,10000,7000,10000,21000,4500,98.1,0.5,56.79148828125,15.350133333333334,1985,1650,133350,4.506269592476489,Medium Growth,0.08670162011525838,0.05999250093738283,0.0026246719160104987,0.03374578177727784,0.07499062617172854,0.05999250093738283,0.07499062617172854,0.018747656542932135,0.15748031496062992,0.018747656542932135,0.0824896887889014,0.013123359580052493,0.029996250468691414,0.04499437570303712,0.009373828271466067,0.05249343832020997,0.09748781402324709,0.13498312710911137,0.03374578177727784,335
2022,east riding of yorkshire,3500,2500,21000,6000,3000,5000,12000,6000,11000,3000,1250,1500,8000,6000,8000,11000,17000,4500,96.9,1.1,61.3736171875,18.618026666666665,1350,1410,130250,0.7347254447022429,Medium Growth,0.08473664626935504,0.08445297504798464,0.026871401151631478,0.0345489443378119,0.046065259117082535,0.046065259117082535,0.08445297504798464,0.009596928982725527,0.13051823416506717,0.023032629558541268,0.16122840690978887,0.019193857965451054,0.023032629558541268,0.061420345489443376,0.011516314779270634,0.061420345489443376,0.09213051823416507,0.046065259117082535,0.03838771593090211,-60
2022,"kingston upon hull, city of",20,1250,22000,7000,2250,5000,12000,5000,7000,3000,1250,1750,4500,14000,5000,12000,20000,3500,98.5,0,53.1458359375,14.99564,1350,1045,126520,3.4759139609061913,Medium Growth,0.09956390924986375,0.055327220992728424,1.5807777426493836e-4,0.027663610496364212,0.11065444198545685,0.055327220992728424,0.09484666455896301,0.009879860891558647,0.15807777426493835,0.023711666139740753,0.1738855516914322,0.009879860891558647,0.017783749604805565,0.03556749920961113,0.013831805248182106,0.03951944356623459,0.09484666455896301,0.03951944356623459,0.03951944356623459,305
2022,kirklees,350,1250,27000,8000,4000,9000,16000,6000,10000,2500,2250,2500,8000,10000,6000,17000,23000,6000,97.5,0.4,56.9260859375,18.567426666666666,2155,1955,158850,-1.5494267121165168,Low Growth,0.09333877851400663,0.06295247088448222,0.0022033364809568774,0.03777148253068933,0.06295247088448222,0.05036197670758577,0.10701920050361977,0.014164305949008499,0.1447906830343091,0.015738117721120555,0.16997167138810199,0.007869058860560278,0.025180988353792885,0.05036197670758577,0.015738117721120555,0.03777148253068933,0.10072395341517154,0.03777148253068933,0.056657223796033995,200
2022,leeds,450,6000,29000,18000,8000,17000,33000,20000,30000,26000,25000,8000,51000,67000,21000,43000,68000,20000,97.1,0.3,55.84437109375,18.010866666666665,4320,4575,490450,4.696338990287117,High Growth,0.08194938037694394,0.0611683148129269,9.175247221939036e-4,0.04077887654195127,0.13660923641553674,0.03670098888775614,0.08767458456519522,0.05097359567743909,0.1386481802426343,0.05301253950453665,0.05912937098582934,0.01223366296258538,0.016311550616780506,0.10398613518197573,0.016311550616780506,0.04281782036904883,0.0672851462942196,0.04077887654195127,0.03466204506065858,-255
2022,north east lincolnshire,100,900,11000,3000,2000,2500,7000,5000,5000,450,600,700,3000,4000,1250,6000,12000,2250,96.8,1.3,58.2226796875,15.12628,645,645,66750,-3.818443804034582,Low Growth,0.10161399374377533,0.0749063670411985,0.00149812734082397,0.033707865168539325,0.0599250936329588,0.0449438202247191,0.0898876404494382,0.008988764044943821,0.1797752808988764,0.006741573033707865,0.1647940074906367,0.01348314606741573,0.0299625468164794,0.0449438202247191,0.010486891385767791,0.018726591760299626,0.10486891385767791,0.0749063670411985,0.03745318352059925,0
2022,north lincolnshire,700,1000,19000,5000,2000,2250,7000,6000,4000,600,500,700,2000,4000,3000,5000,8000,2500,94.8,1.6,58.3493359375,14.8864,785,660,73250,-4.746423927178153,Medium Growth,0.11609267434681825,0.05460750853242321,0.00955631399317406,0.034129692832764506,0.05460750853242321,0.06825938566552901,0.06825938566552901,0.006825938566552901,0.10921501706484642,0.008191126279863481,0.2593856655290102,0.013651877133105802,0.027303754266211604,0.027303754266211604,0.00955631399317406,0.040955631399317405,0.09556313993174062,0.08191126279863481,0.030716723549488054,125
2022,rotherham,175,1500,15000,8000,2500,4000,9000,6000,7000,1750,1750,600,3000,9000,6000,9000,16000,3000,98.3,0.5,52.83765234375,15.569426666666667,1175,985,103275,1.3742331288343559,Low Growth,0.08982188916940193,0.06778019849915275,0.0016945049624788188,0.029048656499636893,0.08714596949891068,0.0774630839990317,0.08714596949891068,0.016945049624788187,0.1549261679980634,0.016945049624788187,0.14524328249818447,0.014524328249818447,0.02420721374969741,0.029048656499636893,0.005809731299927378,0.05809731299927379,0.08714596949891068,0.05809731299927379,0.03873154199951585,190
2022,sheffield,250,2000,20000,9000,4500,10000,24000,10000,18000,11000,9000,3000,20000,21000,17000,33000,44000,10000,96.8,0.7,53.87230078125,18.861426666666667,2425,2085,265750,1.732223179251603,Medium Growth,0.08596784513557451,0.06773283160865474,9.407337723424271e-4,0.03762935089369708,0.07902163687676388,0.03386641580432737,0.12417685794920037,0.03386641580432737,0.16556914393226718,0.041392285983066796,0.07525870178739416,0.007525870178739417,0.016933207902163686,0.07525870178739416,0.011288805268109126,0.06396989651928504,0.09031044214487301,0.03762935089369708,0.03762935089369708,340
2022,wakefield,300,2250,20000,8000,4000,11000,12000,18000,9000,2250,2000,2500,7000,14000,10000,11000,24000,4000,97.1,0.5,57.738578125,16.308013333333335,1380,1330,161300,3.198976327575176,High Growth,0.08565191606172569,0.05579665220086795,0.0018598884066955983,0.024798512089274645,0.08679479231246125,0.04959702417854929,0.06819590824550527,0.012399256044637322,0.14879107253564786,0.013949163050216987,0.12399256044637322,0.013949163050216987,0.024798512089274645,0.043397396156230623,0.015499070055796652,0.06199628022318661,0.07439553626782393,0.1115933044017359,0.06819590824550527,50
2022,york,225,450,4000,3500,1500,2000,12000,4500,12000,3500,4000,1500,9000,8000,8000,13000,18000,4500,94.7,0.7,62.8112890625,20.966733333333334,815,760,109675,1.4804533888503355,High Growth,0.09109560652006163,0.10941417825393207,0.0020515158422612263,0.041030316845224526,0.07294278550262139,0.03191246865739685,0.11853202644175974,0.03647139275131069,0.1641212673808981,0.03191246865739685,0.03647139275131069,0.004103031684522453,0.013676772281741509,0.08206063369044905,0.013676772281741509,0.07294278550262139,0.10941417825393207,0.041030316845224526,0.018235696375655346,55
2023,barnsley,175,500,12000,5000,2250,3000,10000,7000,6000,1000,1000,1500,4000,6000,3500,7000,14000,3000,98.6,0.3,60.56768359375,16.318253333333335,865,875,86925,2.8089887640449436,High Growth,0.09143027821844837,0.06902502157031924,0.0020132297958009777,0.03451251078515962,0.06902502157031924,0.057520851308599366,0.08052919183203912,0.011504170261719874,0.16105838366407824,0.011504170261719874,0.13805004314063848,0.005752085130859937,0.025884383088869714,0.0460166810468795,0.01725625539257981,0.04026459591601956,0.11504170261719873,0.08052919183203912,0.03451251078515962,-10
2023,bradford,300,3000,23000,9000,4500,9000,19000,10000,14000,2500,6000,3000,11000,12000,8000,22000,35000,6000,97.7,0.3,56.8278671875,15.15244,2330,2385,197300,-4.13022351797862,Low Growth,0.0899777508272474,0.07095793208312215,0.0015205271160669033,0.030410542321338063,0.060821084642676125,0.0456158134820071,0.11150532184490623,0.030410542321338063,0.17739483020780536,0.012671059300557527,0.11657374556512924,0.015205271160669031,0.02280790674100355,0.055752660922453116,0.015205271160669031,0.04054738976178408,0.0963000506842372,0.05068423720223011,0.0456158134820071,-55
2023,calderdale,150,450,12000,5000,1750,6000,7000,3000,6000,1500,7000,1250,4500,10000,3000,8000,10000,3500,95.4,0.6,66.25857421875,18.623773333333332,935,1195,90100,0.6422786931024853,Low Growth,0.08137462259839542,0.06659267480577137,0.001664816870144284,0.038845726970033294,0.11098779134295228,0.05549389567147614,0.08879023307436182,0.07769145394006659,0.11098779134295228,0.016648168701442843,0.13318534961154274,0.004994450610432853,0.019422863485016647,0.049944506104328525,0.013873473917869035,0.033296337402885685,0.07769145394006659,0.033296337402885685,0.06659267480577137,-260
2023,doncaster,300,1250,11000,9000,4500,4500,12000,17000,8000,1750,2500,1250,7000,9000,6000,11000,21000,4500,98.4,0.4,59.9265859375,15.151426666666666,1570,1730,131550,-1.3498312710911136,Medium Growth,0.0866941696386432,0.06081337894336754,0.002280501710376283,0.03420752565564424,0.06841505131128849,0.06841505131128849,0.08361839604713037,0.019004180919802355,0.15963511972633979,0.01330292664386165,0.08361839604713037,0.009502090459901177,0.03420752565564424,0.0532117065754466,0.009502090459901177,0.04561003420752566,0.09122006841505131,0.12922843025465602,0.03420752565564424,-160
2023,east riding of yorkshire,3000,2500,19000,7000,3500,5000,11000,7000,12000,3000,1250,1500,8000,6000,9000,11000,17000,4500,97.3,1.1,65.332921875,17.61508,1230,1240,131250,0.7677543186180422,Medium Growth,0.08130249433106576,0.09142857142857143,0.022857142857142857,0.03428571428571429,0.045714285714285714,0.05333333333333334,0.0838095238095238,0.009523809523809525,0.1295238095238095,0.022857142857142857,0.14476190476190476,0.01904761904761905,0.02666666666666667,0.06095238095238095,0.011428571428571429,0.06857142857142857,0.0838095238095238,0.05333333333333334,0.0380952380952381,-10
2023,"kingston upon hull, city of",10,1250,21000,8000,2500,5000,11000,5000,7000,3000,1500,1250,6000,15000,5000,12000,20000,4000,98.6,0,59.318578125,14.48032,925,1130,128510,1.5728738539361367,Medium Growth,0.09637556390941249,0.054470469224184886,7.781495603454984e-5,0.031125982413819937,0.11672243405182477,0.06225196482763987,0.09337794724145981,0.011672243405182477,0.15562991206909968,0.023344486810364953,0.16341140767255466,0.00972686950431873,0.01945373900863746,0.04668897362072991,0.00972686950431873,0.03890747801727492,0.08559645163800482,0.03890747801727492,0.03890747801727492,-205
2023,kirklees,300,900,25000,8000,4000,9000,15000,8000,10000,2500,2250,3000,9000,10000,6000,17000,23000,6000,97.9,0.4,60.88020703125,18.23876,1950,1840,158950,0.06295247088448222,Low Growth,0.0897369207190036,0.06291286568103177,0.0018873859704309531,0.03774771940861906,0.06291286568103177,0.05033029254482542,0.10695187165775401,0.014155394778232149,0.14469959106637306,0.015728216420257943,0.15728216420257943,0.005662157911292859,0.02516514627241271,0.056621579112928595,0.01887385970430953,0.03774771940861906,0.09436929852154766,0.05033029254482542,0.056621579112928595,110
2023,leeds,400,7000,27000,21000,7000,18000,32000,22000,32000,26000,26000,8000,56000,60000,21000,46000,67000,19000,97.4,0.3,60.471984375,17.478506666666668,3805,3785,495400,1.0092771944132939,High Growth,0.08020156045224462,0.06459426725878079,8.074283407347598e-4,0.03835284618490109,0.12111425111021397,0.04238998788857489,0.09285425918449737,0.05248284214775938,0.13524424707307225,0.05248284214775938,0.05450141299959629,0.014129995962858296,0.014129995962858296,0.11303996770286637,0.016148566814695196,0.04238998788857489,0.06459426725878079,0.04440855874041179,0.036334275333064193,20
2023,north east lincolnshire,75,1000,10000,3000,2250,2250,7000,6000,5000,400,600,700,3500,4000,1500,6000,12000,2250,97.3,1.2,63.35726953125,14.93896,525,580,67525,1.1610486891385767,Low Growth,0.09796925487714794,0.07404664938911515,0.0011106997408367272,0.03332099222510181,0.059237319511292116,0.044427989633469084,0.08885597926693817,0.008885597926693817,0.17771195853387634,0.005923731951129212,0.1480932987782303,0.014809329877823029,0.03332099222510181,0.0518326545723806,0.01036653091447612,0.022213994816734542,0.1036653091447612,0.08885597926693817,0.03332099222510181,-55
2023,north lincolnshire,700,1250,18000,5000,2250,2500,6000,7000,4500,500,500,1000,2500,4000,3000,6000,8000,2500,96.9,1,63.13787109375,14.828066666666667,605,610,75200,2.6621160409556315,Medium Growth,0.10726979826844726,0.0598404255319149,0.009308510638297872,0.03324468085106383,0.05319148936170213,0.06648936170212766,0.0797872340425532,0.006648936170212766,0.10638297872340426,0.006648936170212766,0.2393617021276596,0.016622340425531915,0.02992021276595745,0.03324468085106383,0.013297872340425532,0.0398936170212766,0.0797872340425532,0.09308510638297872,0.03324468085106383,-5
2023,rotherham,150,1250,14000,6000,2500,4500,9000,6000,7000,2000,1750,600,3500,7000,5000,9000,14000,3500,98.7,0.5,59.2763828125,15.526066666666667,880,990,96750,-6.318082788671024,Low Growth,0.08642723126948834,0.07235142118863049,0.0015503875968992248,0.03617571059431524,0.07235142118863049,0.06201550387596899,0.09302325581395349,0.01808785529715762,0.14470284237726097,0.020671834625323,0.14470284237726097,0.012919896640826873,0.025839793281653745,0.03617571059431524,0.006201550387596899,0.05167958656330749,0.09302325581395349,0.06201550387596899,0.046511627906976744,-110
2023,sheffield,200,1750,20000,9000,5000,9000,24000,10000,20000,10000,10000,3000,20000,20000,19000,35000,44000,10000,97.1,0.6,57.89537890625,17.85432,2055,2300,269950,1.5804327375352776,Medium Growth,0.08641200834287018,0.07408779403593257,7.408779403593258e-4,0.03704389701796629,0.07408779403593257,0.033339507316169664,0.129653639562882,0.03704389701796629,0.16299314687905167,0.03704389701796629,0.07408779403593257,0.006482681978144101,0.018521948508983144,0.07408779403593257,0.011113169105389887,0.07038340433413595,0.0889053528431191,0.03704389701796629,0.033339507316169664,-245
2023,wakefield,250,2000,21000,8000,4500,9000,12000,21000,10000,2250,2000,2500,8000,14000,10000,12000,23000,4500,97.7,0.4,62.08568359375,15.689413333333333,1255,1215,166000,2.913825170489771,High Growth,0.08578440267092466,0.060240963855421686,0.0015060240963855422,0.02710843373493976,0.08433734939759036,0.04819277108433735,0.07228915662650602,0.012048192771084338,0.13855421686746988,0.01355421686746988,0.12650602409638553,0.012048192771084338,0.02710843373493976,0.04819277108433735,0.015060240963855422,0.060240963855421686,0.07228915662650602,0.12650602409638553,0.05421686746987952,40
2023,york,200,450,4000,4000,1750,2000,12000,5000,13000,4000,4500,1750,10000,8000,8000,14000,17000,5000,95.9,0.4,66.03372265625,21.685453333333335,700,715,114650,4.536129473444267,High Growth,0.08783953285839895,0.113388573920628,0.0017444395987788923,0.043610989969472304,0.06977758395115569,0.03488879197557784,0.12211077191452246,0.03924989097252508,0.14827736589620585,0.03488879197557784,0.03488879197557784,0.0039249890972525075,0.015263846489315308,0.08722197993894461,0.015263846489315308,0.06977758395115569,0.10466637592673354,0.043610989969472304,0.01744439598778892,-15
